design,flash_mb,mem_mb,miss_rate,flash_write_amp,config
LS,10,1,0.343764,1.0000,kangaroo-memSize1MB-flashSize10MB-logPer100-zipf0.9
LS,10,2,0.328189,1.0000,kangaroo-memSize2MB-flashSize10MB-logPer100-zipf0.9
LS,10,3,0.313727,1.0000,kangaroo-memSize3MB-flashSize10MB-logPer100-zipf0.9
LS,10,5,0.287805,1.0000,kangaroo-memSize5MB-flashSize10MB-logPer100-zipf0.9
LS,10,10,0.236499,1.0000,kangaroo-memSize10MB-flashSize10MB-logPer100-zipf0.9
LS,20,1,0.246284,1.0000,kangaroo-memSize1MB-flashSize20MB-logPer100-zipf0.9
LS,20,2,0.237425,1.0000,kangaroo-memSize2MB-flashSize20MB-logPer100-zipf0.9
LS,20,3,0.228648,1.0000,kangaroo-memSize3MB-flashSize20MB-logPer100-zipf0.9
LS,20,5,0.212376,1.0000,kangaroo-memSize5MB-flashSize20MB-logPer100-zipf0.9
LS,20,10,0.177446,1.0000,kangaroo-memSize10MB-flashSize20MB-logPer100-zipf0.9
LS,50,1,0.104757,1.0000,kangaroo-memSize1MB-flashSize50MB-logPer100-zipf0.9
LS,50,2,0.101923,1.0000,kangaroo-memSize2MB-flashSize50MB-logPer100-zipf0.9
LS,50,3,0.099131,1.0000,kangaroo-memSize3MB-flashSize50MB-logPer100-zipf0.9
LS,50,5,0.093586,1.0000,kangaroo-memSize5MB-flashSize50MB-logPer100-zipf0.9
LS,50,10,0.090145,1.0000,kangaroo-memSize10MB-flashSize50MB-logPer100-zipf0.9
SA,10,1,0.339181,64.0000,kangaroo-memSize1MB-flashSize10MB-setCapacity4096B-zipf0.9
SA,10,2,0.323927,64.0000,kangaroo-memSize2MB-flashSize10MB-setCapacity4096B-zipf0.9
SA,10,3,0.309711,64.0000,kangaroo-memSize3MB-flashSize10MB-setCapacity4096B-zipf0.9
SA,10,5,0.284305,64.0000,kangaroo-memSize5MB-flashSize10MB-setCapacity4096B-zipf0.9
SA,10,10,0.233925,64.0000,kangaroo-memSize10MB-flashSize10MB-setCapacity4096B-zipf0.9
SA,20,1,0.242146,64.0000,kangaroo-memSize1MB-flashSize20MB-setCapacity4096B-zipf0.9
SA,20,2,0.233344,64.0000,kangaroo-memSize2MB-flashSize20MB-setCapacity4096B-zipf0.9
SA,20,3,0.224745,64.0000,kangaroo-memSize3MB-flashSize20MB-setCapacity4096B-zipf0.9
SA,20,5,0.208749,64.0000,kangaroo-memSize5MB-flashSize20MB-setCapacity4096B-zipf0.9
SA,20,10,0.174646,64.0000,kangaroo-memSize10MB-flashSize20MB-setCapacity4096B-zipf0.9
SA,50,1,0.104342,64.0000,kangaroo-memSize1MB-flashSize50MB-setCapacity4096B-zipf0.9
SA,50,2,0.101753,64.0000,kangaroo-memSize2MB-flashSize50MB-setCapacity4096B-zipf0.9
SA,50,3,0.099397,64.0000,kangaroo-memSize3MB-flashSize50MB-setCapacity4096B-zipf0.9
SA,50,5,0.095519,64.0000,kangaroo-memSize5MB-flashSize50MB-setCapacity4096B-zipf0.9
SA,50,10,0.091171,64.0000,kangaroo-memSize10MB-flashSize50MB-setCapacity4096B-zipf0.9
